ClientName,ClassName,Category,ElementName,ExpectedTitleText,ExpectedCTAText,ExpectedDismiss,ExpectedInfoText,ExpectedIncentiveValue,ExpectedIncentiveType,BlankColumnNeeded
health trust,Page_Journey,newmemberjourney,WelcomeVideoTileText,Welcome Video,Watch,TRUE,This short Welcome Video provides a quick and helpful introduction to your wellness program,,,
health trust,Page_Journey,newmemberjourney,HATileText,Health Assessment,Take Me There,TRUE,Completing your Health Assessment is the first step to creating a wellness program,,,
health trust,Page_Journey,newmemberjourney,BioMetricHealthTileText,Biometric Health Screening,Learn More,TRUE,Learn the numbers that could save your life and earn a $75 reward!,,,
health trust,Page_Journey,newmemberjourney,ContactHealthCoachTileText,Contact Your Health Coach,Contact,TRUE,Make a new friend who listens,15,$,
health trust,Page_Journey,newmemberjourney,DownloadAlwaysOnAppTileText,Download the AlwaysOn,Download,TRUE,You use your mobile device for everything from checking the weather to buying movie tickets,10,$,
health trust,Page_Journey,newmemberjourney,JoinAChallengeTileText,Join A Challenge,Join Challenge,TRUE,Your wellness program offers a number of personal challenges to get your competitive juices flowing,5,$,
health trust,Page_Journey,newmemberjourney,ConnectFitnessDeviceOrAppTileText,Connect Your Fitness Device or App,Connect,TRUE,Regular physical activity is a proven and effective way to lower your blood pressure,5,$,
health trust,Page_Journey,newmemberjourney,OrderAFitnessDeviceTileText,Order a Fitness Device,Shop Now,FALSE,Stay Connected!,,,
health trust,Page_Journey,newmemberjourney,TrackWithNutritionAppTileText,Track with your Nutrition App,Connect App,TRUE,Just making a few simple changes to your diet,5,$,
health trust,Page_Journey,newmemberjourney,SelfDirectedCourseTileText,Self-Directed Course-Preventive Health,Take The Course,TRUE,More than two-thirds of all deaths in the United States are caused by just five chronic diseases,15,$,
health trust,Page_Journey,newmemberjourney,SelfDirectedProgressCheckInTileText,Self-Directed Progress Check-In Completion,Check-In,TRUE,Healthy living is a lifelong pursuit,5,$,
health trust,Page_Journey,newmemberjourney,ConnectWithCollegueTileText,Connect with a Colleague,Connect,TRUE,Inviting other HealthTrust Enrollees to become part of your health journey,5,$,

meabt,Page_Journey,newmemberjourney,WelcomeVideoTileText,Welcome Video,Watch The Video,TRUE,This short Welcome Video provides a quick and helpful introduction to your wellness program,,,
meabt,Page_Journey,newmemberjourney,HATileText,Health Assessment,Take Your HA,FALSE,Completing your Health Assessment is the first step to creating a wellness program,25,PTS,
meabt,Page_Journey,newmemberjourney,BiometricHealthScreeningTileText,Biometric Health Screening,Learn More,TRUE,A biometric screening measures the key factors that affect the development of heart disease,20,PTS,
meabt,Page_Journey,newmemberjourney,ConnectWithCoachTileText,Connect with a Coach,Contact,TRUE,The journey to a healthier you is easier when you,,,
meabt,Page_Journey,newmemberjourney,DownloadTheAppTileText,Download The App,Download App,TRUE,You use your mobile device for everything from checking the weather to buying movie tickets,,,
meabt,Page_Journey,newmemberjourney,JoinChallengeTileText,Join A Challenge,Join,TRUE,Real change begins when you challenge yourself,,,
meabt,Page_Journey,newmemberjourney,ConnectFitnessDeviceTileText,Connect Your Fitness Device,Connect,TRUE,Regular physical activity is a proven and effective way to lower your blood pressure,,,
meabt,Page_Journey,newmemberjourney,ConnectNutritionAppTileText,Connect Your Nutrition App,Connect App,TRUE,Discover how to eat your way to better health,,,
meabt,Page_Journey,newmemberjourney,PreventiveHealthTileText,Preventive Health,Take The Course,TRUE,More than two-thirds of all deaths in the United States are caused by just five chronic diseases,15,PTS,
meabt,Page_Journey,newmemberjourney,ProgressCheckInTileText,Progress Check-In,Check-In,TRUE,Healthy living is a lifelong pursuit,5,PTS,

group 44,Page_Journey,newmemberjourney,WelcomeVideoTileText,Welcome Video,Watch,TRUE,This short Welcome Video provides a quick and helpful introduction to your wellness program,,,
group 44,Page_Journey,newmemberjourney,HealthAssessmentTileText,Health Assessment,Take Me There,FALSE,Completing your health assessment is the first step to creating a well-being program,0,PT,
group 44,Page_Journey,newmemberjourney,BiometricScreeningTileText,Biometric Screening,Learn More,FALSE,Using data to fine-tune your customized well-being program,0,PT,
group 44,Page_Journey,newmemberjourney,TrackersPageTileText,Trackers Home Page,Go To Trackers,FALSE,ake the fast track to meeting your wellness goals,,,
group 44,Page_Journey,newmemberjourney,DownloadAppTileText,Download the AlwaysOn App,Download App,TRUE,Download the AlwaysOn App,,,
group 44,Page_Journey,newmemberjourney,ConnectDeviceTileText,Connect Your Fitness Device,Connect,TRUE,Not enough physical activity in your day?,,,
group 44,Page_Journey,newmemberjourney,ConnectAppTileText,Connect Your Nutrition App,Connect,TRUE,Discover how to eat your way to better health,,,
group 44,Page_Journey,newmemberjourney,MyCompanyTileText,My Company,My Company,TRUE,BlueCross BlueShield of Tennessee Wellness Program,,,
group 44,Page_Journey,newmemberjourney,TakeCourseTileText,Take the Preventive Health Course,Take The Course,TRUE,what they say about an ounce of prevention,25,PTS,
group 44,Page_Journey,newmemberjourney,ProgressInTileText,Progress Check-In,Check-In,TRUE,Healthy living is a lifelong pursuit,,,
group 44,Page_Journey,newmemberjourney,InviteConnectionTileText,Invite A Connection,Invite Now,TRUE,Now available with high fives,,,
group 44,Page_Journey,newmemberjourney,ListenPodcastTileText,Listen to a Podcast,Listen,TRUE,Find out how the latest scientific research can help you lose weight,,,

onlife health,Page_Journey,newmemberjourney,WelcomeVideoTileText,Welcome Video,Watch,TRUE,This short Welcome Video provides a quick and helpful introduction to your wellness program,,,
onlife health,Page_Journey,newmemberjourney,HealthAssessmentTileText,Health Assessment,Take me there,FALSE,Completing your health assessment is the first step to creating a well-being program,0,PT,
onlife health,Page_Journey,newmemberjourney,BiometricScreeningTileText,Biometric Screening,Learn More,TRUE,A biometric screening measures the key factors that affect the development of heart disease,0,PT,
onlife health,Page_Journey,newmemberjourney,ContactACoachTileText,Contact a Coach,Contact Now,TRUE,We mix the art and science of coaching to provide members with a cohesive,,,
onlife health,Page_Journey,newmemberjourney,DownloadAlwaysOnAppTileText,Download AlwaysOn App,Download,TRUE,Download AlwaysOn App,,,
onlife health,Page_Journey,newmemberjourney,ConnectYourFitnessDeviceTileText,Connect Your Fitness Device,Connect,TRUE,Not enough physical activity in your day,,,
onlife health,Page_Journey,newmemberjourney,ConnectYourNutritionAppTileText,Connect Your Nutrition App,Connect App,TRUE,Discover how to eat your way to better health,,,
onlife health,Page_Journey,newmemberjourney,TakePreventiveHeatlhCourseTileText,Take the Preventive Health Course,Take the Course,TRUE,More than two-thirds of all deaths in the United States are caused by just five chronic diseases,25,PTS,
onlife health,Page_Journey,newmemberjourney,ProgressCheckInTileText,Progress Check-In,Check-In,TRUE,So it just makes sense to check in now and then to see where you stand in meeting your health goals,,,
onlife health,Page_Journey,newmemberjourney,InviteAConnectionTileText,Invite a Connection,Invite Now,TRUE,Inviting co-workers to become part of your health journey gives you the encouragement to keep you moving toward your goal,,,
onlife health,Page_Journey,newmemberjourney,ListenAPodCastTileText,Listen to a Podcast,Listen,TRUE,Find out how the latest scientific research can help you lose weight,,,

arc,Page_Journey,newmemberjourney,WelcomeVideoTileText,Welcome Video,Watch The Video,TRUE,This short Welcome Video provides a quick and helpful introduction to your wellness program,,,
arc,Page_Journey,newmemberjourney,HealthAssessmentTileText,Health Assessment,Take Your HA,FALSE,Completing your Health Assessment is the first step to creating a wellness program,50,PTS,
arc,Page_Journey,newmemberjourney,ConnectCoordinatorTileText,Connect With A Care Coordinator,Contact,FALSE,An ARC Care Coordinator coaches and supports you if you have a chronic condition or health issue,,,
arc,Page_Journey,newmemberjourney,BiometricScreeningTileText,Biometric Health Screening,Learn More,TRUE,It delivers a detailed clinical assessment that identifies any risk factors you may have and provides the objective knowledge you and your doctor need to understand your current health status,100,PTS,
arc,Page_Journey,newmemberjourney,DownloadAppTileText,Download The App,Download App,TRUE,You use your mobile device for everything from checking the weather to buying movie tickets,25,PTS,
arc,Page_Journey,newmemberjourney,EnrollChallengeTileText,Enroll In A Challenge,Join,TRUE,Your wellness program offers a number of personal challenges to get your competitive juices flowing,,,
arc,Page_Journey,newmemberjourney,ConnectDeviceTileText,Connect Your Fitness Device,Connect,TRUE,Regular physical activity is a proven and effective way to lower your blood pressure,25,PTS,
arc,Page_Journey,newmemberjourney,ConnectAppTileText,Connect Your Nutrition App,Connect App,TRUE,Discover how to eat your way to better health,25,PTS,
arc,Page_Journey,newmemberjourney,PreventiveHealthTileText,Preventive Health,Take The Course,TRUE,More than two-thirds of all deaths in the United States are caused by just five chronic diseases,25,PTS,
arc,Page_Journey,newmemberjourney,ProgressInTileText,Progress Check-In,Check-In,TRUE,the reason your wellness program offers a progress check-in,25,PTS,
arc,Page_Journey,newmemberjourney,InviteConnectionTileText,Invite A Connection,Invite,TRUE,Inviting other ARC members to become part of your health journey gives you the encouragement to keep you moving toward your goal,,,

medicare advantage,Page_Journey,newmemberjourney,AnnualWellnessExamTileText,Annual Wellness Exam,Learn More,FALSE,An annual in-network wellness exam is an important first step in maintaining good health and that is why it is offered at no cost to you,,,
medicare advantage,Page_Journey,newmemberjourney,WelcomeVideoTileText,Welcome Video,Watch,FALSE,This short Welcome Video provides a quick and helpful introduction to your well-being program,,,
medicare advantage,Page_Journey,newmemberjourney,HealthNeedsAssessmentTileText,Health Needs Assessment,Take me there,FALSE,Completing your health assessment is the first step to creating a well-being program,20,PTS,
medicare advantage,Page_Journey,newmemberjourney,ProgramSummaryTileText,Program Summary,Program Summary,TRUE,Schedule and complete the screenings you need,,,
medicare advantage,Page_Journey,newmemberjourney,ProgressCheckInTileText,Progress Check-In,Check-In,TRUE,Healthy living is a lifelong pursuit,,,
medicare advantage,Page_Journey,newmemberjourney,MyHealthPlanTileText, My Health Plan,Learn More,TRUE,Learn more information about your Health Plan,,,
medicare advantage,Page_Journey,newmemberjourney,DownloadAlwaysOnAppTileText,Download AlwaysOn App,Download,TRUE,Download AlwaysOn App,,,
medicare advantage,Page_Journey,newmemberjourney,ConnectYourFitnessDeviceTileText,Connect Your Fitness Device,Connect,TRUE,And using a wearable fitness device is a great way to,,,
medicare advantage,Page_Journey,newmemberjourney,ConnectYourNutritionAppTileText,Connect Your Nutrition App,Connect App,TRUE,Just making a few simple changes to your diet,,,
medicare advantage,Page_Journey,newmemberjourney,ListOfTrackersTileText,List of Trackers,Trackers,TRUE,The system will navigate you to your List of Trackers,,,
medicare advantage,Page_Journey,newmemberjourney,MySettingsPageTileText,My Settings Page,Settings,TRUE,Navigates to the settings page,,,

tva,Page_Journey,newmemberjourney,WelcomVideoTile,Welcome Video,Watch,TRUE,a quick and helpful introduction to your wellness program,,,
tva,Page_Journey,newmemberjourney,HealthAssessmentTile,Health Assessment,Take me there,FALSE,Completing your health assessment is the first step,,,
tva,Page_Journey,newmemberjourney,BiometScreening,Biometric Screening,View Results,FALSE,A biometric screening measures the key factors that affect,,,
tva,Page_Journey,newmemberjourney,ContacCoach,Contact Your Health Coach,Contact,TRUE,Your coach is your cheerleader,,,
tva,Page_Journey,newmemberjourney,DownloApp,Download the AlwaysOn App,Download App,TRUE,Download the AlwaysOn app,,,
tva,Page_Journey,newmemberjourney,ConnecDevice,Connect Your Fitness Device,Connect,TRUE,Are you having trouble fitting exercise,,,
tva,Page_Journey,newmemberjourney,ConnecApp,Connect Your Nutrition App,Connect,TRUE,Discover how to eat your way to better health,,,
tva,Page_Journey,newmemberjourney,TakeCourse,Take the Preventive Health Course,Take The Course,TRUE,true what they say about an ounce of prevention,,,
tva,Page_Journey,newmemberjourney,ProgressCheck-In,Progress Check-In,Check-In,TRUE,so it just makes sense to check in now and then,,,
tva,Page_Journey,newmemberjourney,ListenPodcast,Listen to a Podcast,Listen,TRUE,Learn on the go,,,
tva,Page_Journey,newmemberjourney,CareManagement,Manage Your Care,Learn More,TRUE,Living with a complex illness or chronic health condition,,,
tva,Page_Journey,newmemberjourney,Blue365Deals,Blue365 Deals,Learn More,TRUE,Blue365 is a program sponsored by participating Blue Companies,,,
tva,Page_Journey,newmemberjourney,FitnessWay,Fitness Your Way,Learn More,TRUE,fitness your way is a fitness discount program,,,

health trust,Page_Journey,clinicaljourney,WelcomeVideoTileText,Welcome Video,Watch,TRUE,This short Welcome Video provides a quick and helpful introduction to your wellness program,,,
health trust,Page_Journey,clinicaljourney,LowerYourStressTileText,Lower Your Stress,Start,TRUE,office visits are stress-related,,,
health trust,Page_Journey,clinicaljourney,LowerYourStress.CompleteAGoal,Complete A Goal,Complete A Goal,TRUE,Discover the power of setting goals,,,
health trust,Page_Journey,clinicaljourney,LowerYourStress.TrackYourStress,Track your Stress,Go to Tracker,TRUE,Use a tracker to create a faster track to stress reduction,1,$,
health trust,Page_Journey,clinicaljourney,LowerYourStress.CompleteAChallenge,Complete A Challenge,Take Challenge,TRUE,Real change begins when you challenge yourself,,,
health trust,Page_Journey,clinicaljourney,LowerYourStress.TakeOnlineCourse,Take An Online Course,Take The Course,TRUE,Stress occurs when you feel overwhelmed and lack the skills to deal with a situation,15,$,
health trust,Page_Journey,clinicaljourney,LowerYourStress.IncreaseYourKnowledge,Increase Your Knowledge,Read,TRUE,Now you can access that wealth of knowledge in one convenient location,,,
health trust,Page_Journey,clinicaljourney,LowerYourStress.WatchAVideo,Watch A Video,Watch a Video,TRUE,Need a little extra support on your way to a healthier you,,,
health trust,Page_Journey,clinicaljourney,LowerYourStress.ListenAPodcast,Listen to a Podcast,Listen,TRUE,Find out how the latest scientific research can help you lower your stress level,,,
health trust,Page_Journey,clinicaljourney,QuitTobaccoTileText,Quit Tobacco,Start Program,TRUE,Quitting tobacco is the single most important action you can take to improve your health,,,
health trust,Page_Journey,clinicaljourney,QuitTobacco.CompleteAGoal,Complete A Goal,Go,TRUE,Setting a goal and following a plan to achieve that goal increases your chances of kicking your tobacco habit,,,
health trust,Page_Journey,clinicaljourney,QuitTobacco.QuitTobaccoTracker,Quit Tobacco Tracker,Go to Tracker,TRUE,Use a tracker to create a faster track to quitting,1,$,
health trust,Page_Journey,clinicaljourney,QuitTobacco.CompleteChallenge,Complete A Challenge,Take Challenge,TRUE,Real change begins when you challenge yourself,,,
health trust,Page_Journey,clinicaljourney,QuitTobacco.CompleteOnlineCourse,Complete An Online Course,Complete Course,TRUE,When it comes to quitting tobacco,15,$,
health trust,Page_Journey,clinicaljourney,QuitTobacco.IncreaseYourKnowledge,Increase Your Knowledge,Go,TRUE,Now you can access that wealth of knowledge in one convenient location,,,
health trust,Page_Journey,clinicaljourney,QuitTobacco.WatchVideo,Watch A Video,Watch,TRUE,Need a little extra support on your way to a healthier you,,,
health trust,Page_Journey,clinicaljourney,QuitTobacco.ListenPodcast,Listen to Podcast,Listen,TRUE,Find out how the latest scientific research can help you quit your tobacco addiction,,,
health trust,Page_Journey,clinicaljourney,LoseTheWeightTileText,Lose The Weight,Start Program,TRUE,Losing weight is one of the best things you can do to live longer,,,
health trust,Page_Journey,clinicaljourney,LoseWeight.CompleteYourGoal,Complete Your Goal,Complete Goal,TRUE,Why? Because having a specific target is a proven way to stay focused and motivated,,,
health trust,Page_Journey,clinicaljourney,LoseWeight.TrackYourWeight,Track your Weight,Go to Tracker,TRUE,Fuel your desire by tracking your weight loss,1,$,
health trust,Page_Journey,clinicaljourney,LoseWeight.TakeChallenge,Take a Challenge,Take Challenge,TRUE,Your wellness program offers a number of personal challenges to get your competitive juices flowing,,,
health trust,Page_Journey,clinicaljourney,LoseWeight.CompleteOnlineCourse,Complete An Online Course,Complete Course,TRUE,Broaden your knowledge as you slim down your waistline,15,$,
health trust,Page_Journey,clinicaljourney,LoseWeight.IncreaseYourKnowledge,Increase Your Knowledge,Read,TRUE,Many of these information sources with their fad diets are not reliable and can actually be bad for you,,,
health trust,Page_Journey,clinicaljourney,LoseWeight.WatchVideo,Watch A Video,Watch,TRUE,Tune in for some healthy advice and support,,,
health trust,Page_Journey,clinicaljourney,LoseWeight.ListenAPodcast,Listen to a Podcast,Listen,TRUE,Find out how the latest scientific research can help you lose weight,,,
health trust,Page_Journey,clinicaljourney,LoseWeight.ConnectYourSmartScale,Connect Your Smart Scale,Connect,TRUE,You are more likely to meet your goals if you regularly keep track of your progress,5,$,
health trust,Page_Journey,clinicaljourney,LowerYourBloodPressureTileText,Lower Your Blood Pressure,Start Program,TRUE,you can access up to 12 activities that can help you reduce your risk,,,
health trust,Page_Journey,clinicaljourney,LowerBloodPressure.CompletGoal,Complete A Goal,Go,TRUE,It takes time. Setting a goal is a great way to,,,
health trust,Page_Journey,clinicaljourney,LowerBloodPressure.TrackBloodPressure,Track your Blood Pressue,Go to Tracker,TRUE,Take heart and take charge of your blood pressure,1,$,
health trust,Page_Journey,clinicaljourney,LowerBloodPressure.CompleteChallenge,Complete a Challenge,Take Challenge,TRUE,Your wellness program offers a number of personal challenges to get your competitive juices flowing,,,
health trust,Page_Journey,clinicaljourney,LowerBloodPressure.CompleteOnlineCourse,Complete an Online Course,Complete Course,TRUE,Almost anyone can lower his or her blood pressure for a few days,15,$,
health trust,Page_Journey,clinicaljourney,LowerBloodPressure.IncreaseKnowledge,Increase Your Knowledge,Read,TRUE,Now you can access that wealth of knowledge in one convenient location,,,
health trust,Page_Journey,clinicaljourney,LowerBloodPressure.WatchVideo,Watch A Video,Watch,TRUE,No matter what your wellness goal may be,,,
health trust,Page_Journey,clinicaljourney,LowerBloodPressure.ListenPodcast,Listen to a Podcast,Go,TRUE,Find out how the latest scientific research can help you lower your blood pressure,,,
health trust,Page_Journey,clinicaljourney,LowerYourCholesterolTileText,Lower Your Cholesterol,Start Program,TRUE,causes heart disease and circulation problems,,,
health trust,Page_Journey,clinicaljourney,LowerYourCholesterol.CompleteAGoal,Complete A Goal,Complete Goal,TRUE,Set your sights on a healthier you by Completing a goal,,,
health trust,Page_Journey,clinicaljourney,LowerYourCholesterol.TrackYourCholesterol,Track your Cholesterol,Take me there,TRUE,Fuel your desire by tracking your cholesterol,1,$,
health trust,Page_Journey,clinicaljourney,LowerYourCholesterol.CompleteChallenge,Complete A Challenge,Go,TRUE,Your wellness program offers a number of personal challenges to get your competitive juices flowing,,,
health trust,Page_Journey,clinicaljourney,LowerYourCholesterol.IncreaseYourKnowledge,Increase Your Knowledge,Read,TRUE,Now you can access that wealth of knowledge in one convenient location,,,
health trust,Page_Journey,clinicaljourney,LowerYourCholesterol.WatchVideo,Watch A Video,Watch,TRUE,Need a little extra support on your way to a healthier you,,,
health trust,Page_Journey,clinicaljourney,LowerYourCholesterol.ListenPodcast,Listen to a Podcast,Go,TRUE,Find out how the latest scientific research can help you lower your cholesterol,,,
health trust,Page_Journey,clinicaljourney,EatHealtyTileText,Eat Healthy,Start Program,TRUE,And most of us have a diet too high in sugars,,,
health trust,Page_Journey,clinicaljourney,EatHealthy.IncreaseYourKnowledge,Increase Your Knowledge,Read,TRUE,Many of these information sources feature strange and untested diets that can actually be bad for you,,,
health trust,Page_Journey,clinicaljourney,EatHealty.TrackYourDiet,Track your Diet,Take me there,TRUE,Fuel your desire for a healthier diet by tracking what you eat,1,$,
health trust,Page_Journey,clinicaljourney,EatHealty.TrackOnlineCourse,Take An Online Course,Complete Course,TRUE,But the real achievement is to eat healthy today,15,$,
health trust,Page_Journey,clinicaljourney,EatHealthy.IncreaseYourKnowledge,Increase Your Knowledge,Read,TRUE,Many of these information sources feature strange and untested diets that can actually be bad for you,,,
health trust,Page_Journey,clinicaljourney,EatHealthy.WatchVideo,Watch A Video,Watch,TRUE,Need a little extra support on your way to a healthier you,,,
health trust,Page_Journey,clinicaljourney,EatHealthy.ListenPodcast,Listen to a Podcast,Listen,TRUE,Find out how the latest scientific research can help make eating healthy a part of your lifestyle,,,
health trust,Page_Journey,clinicaljourney,ExerciseProgramTileText,Exercise Program,Start Program,TRUE,Are you ready to lower your risk for heart disease and stroke,,,
health trust,Page_Journey,clinicaljourney,ExerciseProgram.ConnectWithCoach,Connect With A Coach,Connect,TRUE,It can be hard to stick with an exercise program,15,$,
health trust,Page_Journey,clinicaljourney,ExerciseProgram.CompleteGoal,Complete a Goal,Complete Goal,TRUE,Setting achievable goals will help keep you on track when life becomes busy or you start to lose your motivation. ,,,
health trust,Page_Journey,clinicaljourney,ExerciseProgram.TrackYourExercise,Track your Exercises,Take me there,TRUE,Clinical studies have shown that people who track their physical activities are more likely to meet their goals,1,$,
health trust,Page_Journey,clinicaljourney,ExerciseProgram.CompleteChallenge,Complete a Challenge,Take Challenge,TRUE,Real change begins when you challenge yourself,,,
health trust,Page_Journey,clinicaljourney,ExerciseProgram.TakeOnlineCourse,Take An Online Course,Complete Course,TRUE,Almost anyone can become more physically active,15,$,
health trust,Page_Journey,clinicaljourney,ExerciseProgram.IncreaseYourKnowledge,Increase Your Knowledge,Read,TRUE,Now you can access that wealth of knowledge in one convenient location,,,
health trust,Page_Journey,clinicaljourney,ExerciseProgram.WatchVideo,Watch A Video,Watch,TRUE,Tune in for some healthy advice and support,,,
health trust,Page_Journey,clinicaljourney,ExerciseProgram.ListenPodcast,Listen to a Podcast,Listen,TRUE,Find out how the latest scientific research can help you exercise smarter and more efficiently,,,
health trust,Page_Journey,clinicaljourney,BiometricHealthScreeningTileText,Biometric Health Screening,Learn More,TRUE,You can have your Biometric Health Screening at a HealthTrust-sponsored Biometric Health Screening event,,,
health trust,Page_Journey,clinicaljourney,ContactYourHealthCoachTileText,Contact Your Health Coach,Contact,TRUE,All of our Health Coaches are credentialed and certified health experts,15,$,
health trust,Page_Journey,clinicaljourney,DownloadAlwaysonAppTileText,Download the AlwaysOn,Download Now,TRUE,You use your mobile device for everything from checking the weather to buying movie tickets,10,$,
health trust,Page_Journey,clinicaljourney,JoinChallengeTileText,Join a Challenge,Join Challenge,TRUE,Your wellness program offers a number of personal challenges to get your competitive juices flowing,5,$,
health trust,Page_Journey,clinicaljourney,ConnectYourFitnessDevice,Connect Your Fitness Device or App,Connect,TRUE,Regular physical activity is a proven and effective way to lower your blood pressure,5,$,
health trust,Page_Journey,clinicaljourney,OrderFitnessDevice,Order a Fitness Device,Shop Now,FALSE,Always wanted a wearable fitness tracker,,,
health trust,Page_Journey,clinicaljourney,TrackNutritionApp,Track with your Nutrition App,Connect App,TRUE,So you can avoid food high in saturated fat and sodium as well as increase your servings of heart-healthy foods,5,$,
health trust,Page_Journey,clinicaljourney,SelfDirectedCoursePreventiveHealth,Self-Directed Course-Preventive Health,Take The Course,TRUE,More than two-thirds of all deaths in the United States are caused by just five chronic diseases,15,$,
health trust,Page_Journey,clinicaljourney,SelfDirectedProgressCheckIn,Self-Directed Progress Check-In Completion,Check-In,TRUE,Healthy living is a lifelong pursuit,5,$,
health trust,Page_Journey,clinicaljourney,ConnectWithACollegue,Connect with a Colleague,Connect,TRUE,You can even invite your fellow HealthTrust Enrollees to participate in a challenge with you,5,$,

meabt,Page_Journey,clinicaljourney,WelcomeVideoTileText,Welcome Video,Watch The Video,TRUE,This short Welcome Video provides a quick and helpful introduction to your wellness program,,,
meabt,Page_Journey,clinicaljourney,LowerYourStressTileText,Lower Your Stress,Start,TRUE,Stress is a major health problem,,,
meabt,Page_Journey,clinicaljourney,LowerYourStress.TrackYourStress,Track your Stress,Go to Tracker,TRUE,Use a tracker to create a faster track to stress reduction,1,PT,
meabt,Page_Journey,clinicaljourney,LowerYourStress.ConnectWithACoach,Connect With A Coach,Connect,TRUE,Give yourself a break by teaming up with a Health Coach,,,
meabt,Page_Journey,clinicaljourney,LowerYourStress.CompleteAGoal,Complete A Goal,Complete A Goal,TRUE,And the best way to set a goal is to keep it simple.,25,PTS,
meabt,Page_Journey,clinicaljourney,LowerYourStress.CompleteAChallenge,Complete A Challenge,Take Challenge,TRUE,Real change begins when you challenge yourself,,,
meabt,Page_Journey,clinicaljourney,LowerYourStress.TakeOnlineCourse,Take An Online Course,Take The Course,TRUE,The more you learn about stress,15,PTS,
meabt,Page_Journey,clinicaljourney,LowerYourStress.IncreaseYourKnowledge,Increase Your Knowledge,Read,TRUE,Now you can access that wealth of knowledge in one convenient location,,,
meabt,Page_Journey,clinicaljourney,LowerYourStress.WatchAVideo,Watch A Video,Watch a Video,TRUE,Tune in for some healthy advice and support,,,
meabt,Page_Journey,clinicaljourney,LowerYourStress.ListenAPodcast,Listen to a Podcast,Listen,TRUE,Find out how the latest scientific research can help you lower your stress level,,,
meabt,Page_Journey,clinicaljourney,QuitTobaccoTileText,Quit Tobacco,Start Program,TRUE,Quitting tobacco is the single most important action you can take to improve your health,,,
meabt,Page_Journey,clinicaljourney,QuitTobacco.ConnectWithACoach,Connect With A Coach,Connect,TRUE,love it when you hear your health coach say,,,
meabt,Page_Journey,clinicaljourney,QuitTobacco.CompleteAGoal,Complete A Goal,Go,TRUE,You need a plan and a goal,25,PTS,
meabt,Page_Journey,clinicaljourney,QuitTobacco.QuitTobaccoTracker,Quit Tobacco Tracker,Go to Tracker,TRUE,Use a tracker to create a faster track to quitting,1,PT,
meabt,Page_Journey,clinicaljourney,QuitTobacco.CompleteChallenge,Complete A Challenge,Take Challenge,TRUE,competing against yourself is a great way to boost your motivation,,,
meabt,Page_Journey,clinicaljourney,QuitTobacco.CompleteOnlineCourse,Complete An Online Course,Complete Course,TRUE,Almost anyone can stop tobacco for a day,15,PTS,
meabt,Page_Journey,clinicaljourney,QuitTobacco.IncreaseYourKnowledge,Increase Your Knowledge,Go,TRUE,a ton of information available on how to quit tobacco,,,
meabt,Page_Journey,clinicaljourney,QuitTobacco.WatchVideo,Watch A Video,Watch,TRUE,Need a little extra support on your way to a healthier,,,
meabt,Page_Journey,clinicaljourney,QuitTobacco.ListenPodcast,Listen to Podcast,Listen,TRUE,Find out how the latest scientific research can help you quit your tobacco addiction,,,
meabt,Page_Journey,clinicaljourney,LowerYourBloodPressureTileText,Lower Your Blood Pressure,Start Program,TRUE,greater risk for heart disease and stroke because they have,,,
meabt,Page_Journey,clinicaljourney,LowerBloodPressure.ConnectWithCoach,Connect With A Coach,Connect,TRUE,Team up with a Health Coach,,,
meabt,Page_Journey,clinicaljourney,LowerBloodPressure.CompletGoal,Complete A Goal,Go,TRUE,A healthier you starts with setting a goal,25,PTS,
meabt,Page_Journey,clinicaljourney,LowerBloodPressure.TrackBloodPressure,Track your Blood Pressue,Go to Tracker,TRUE,Take heart and take charge of your blood pressure,1,PT,
meabt,Page_Journey,clinicaljourney,LowerBloodPressure.CompleteChallenge,Complete a Challenge,Take Challenge,TRUE,Real change begins when you challenge yourself,,,
meabt,Page_Journey,clinicaljourney,LowerBloodPressure.CompleteOnlineCourse,Complete an Online Course,Complete Course,TRUE,Take An Online Course,15,PTS,
meabt,Page_Journey,clinicaljourney,LowerBloodPressure.IncreaseKnowledge,Increase Your Knowledge,Read,TRUE,ton of information available on how to lower your hypertension,,,
meabt,Page_Journey,clinicaljourney,LowerBloodPressure.WatchVideo,Watch A Video,Watch,TRUE,Need a little extra support on your way to a healthier you,,,
meabt,Page_Journey,clinicaljourney,LowerBloodPressure.ListenPodcast,Listen to a Podcast,Go,TRUE,Find out how the latest scientific research can help you lower your blood pressure,,,
meabt,Page_Journey,clinicaljourney,LowerYourCholesterolTileText,Lower Your Cholesterol,Start Program,TRUE,About one in every six adult Americans has high cholesterol,,,
meabt,Page_Journey,clinicaljourney,LowerYourCholesterol.ConnectWithCoach,Connect With A Coach,Connect,TRUE,Team up with a Health Coach and your high cholesterol has met its match,,,
meabt,Page_Journey,clinicaljourney,LowerYourCholesterol.CompleteAGoal,Complete A Goal,Complete Goal,TRUE,Set your sights on a healthier you by Completing a goal,25,PTS,
meabt,Page_Journey,clinicaljourney,LowerYourCholesterol.TrackYourCholesterol,Track your Cholesterol,Take me there,TRUE,Fuel your desire by tracking your cholesterol,1,PT,
meabt,Page_Journey,clinicaljourney,LowerYourCholesterol.CompleteChallenge,Complete a Challenge to Lower Cholesterol,Join Challenge,TRUE,Real change begins when you challenge yourself,,,
meabt,Page_Journey,clinicaljourney,LowerYourCholesterol.IncreaseYourKnowledge,Increase Your Knowledge,Read,TRUE,the power to improve your cholesterol,,,
meabt,Page_Journey,clinicaljourney,LowerYourCholesterol.WatchVideo,Watch A Video,Watch,TRUE,Tune in for some healthy advice and support,,,
meabt,Page_Journey,clinicaljourney,LowerYourCholesterol.ListenPodcast,Listen to a Podcast,Go,TRUE,Download this podcast and take it with you wherever you go,,,
meabt,Page_Journey,clinicaljourney,EatHealtyTileText,Eat Healthy,Start Program,TRUE,Because you are what you eat,,,
meabt,Page_Journey,clinicaljourney,EatHealthy.ConnectWithCoach,Connect With A Coach,Connect,TRUE,Team up with a Health Coach,,,
meabt,Page_Journey,clinicaljourney,EatHealthy.IncreaseYourKnowledge,Increase Your Knowledge,Read,TRUE,the power to make healthy eating a part of your life,25,PTS,
meabt,Page_Journey,clinicaljourney,EatHealty.TrackYourDiet,Track your Diet,Take me there,TRUE,Fuel your desire for a healthier diet by tracking what you eat,1,PT,
meabt,Page_Journey,clinicaljourney,EatHealty.TrackOnlineCourse,Take An Online Course,Complete Course,TRUE,Almost anyone can eat healthier for a few days,15,PTS,
meabt,Page_Journey,clinicaljourney,EatHealthy.IncreaseYourKnowledge,Increase Your Knowledge,Read,TRUE,the power to make healthy eating a part of your life,,,
meabt,Page_Journey,clinicaljourney,EatHealthy.WatchVideo,Watch A Video,Watch,TRUE,Need a little extra support on your way to a healthier you,,,
meabt,Page_Journey,clinicaljourney,EatHealthy.ListenPodcast,Listen to a Podcast,Listen,TRUE,Find out how the latest scientific research can help make eating healthy a part of your lifestyle,,,
meabt,Page_Journey,clinicaljourney,ExerciseProgramTileText,Exercise Program,Start Program,TRUE,Are you ready to lower your risk for heart disease and stroke,,,
meabt,Page_Journey,clinicaljourney,ExerciseProgram.ConnectWithCoach,Connect With A Coach,Connect,TRUE,Get yourself off the couch and on the road to good health,,,
meabt,Page_Journey,clinicaljourney,ExerciseProgram.CompleteGoal,Complete a Goal,Complete Goal,TRUE,A healthier you starts with setting a goal,25,PTS,
meabt,Page_Journey,clinicaljourney,ExerciseProgram.TrackYourExercise,Track your Exercises,Take me there,TRUE,Take the fast track to meeting you exercise goals,1,PT,
meabt,Page_Journey,clinicaljourney,ExerciseProgram.CompleteChallenge,Complete a Challenge,Take Challenge,TRUE,Real change begins when you challenge yourself,,,
meabt,Page_Journey,clinicaljourney,ExerciseProgram.TakeOnlineCourse,Take An Online Course,Complete Course,TRUE,Almost anyone can become more physically active for a week,15,PTS,
meabt,Page_Journey,clinicaljourney,ExerciseProgram.IncreaseYourKnowledge,Increase Your Knowledge,Read,TRUE,the power to make exercise a part of your life,,,
meabt,Page_Journey,clinicaljourney,ExerciseProgram.WatchVideo,Watch A Video,Watch,TRUE,we all need some motivation and expert advice along the way to keep us motivated,,,
meabt,Page_Journey,clinicaljourney,ExerciseProgram.ListenPodcast,Listen to a Podcast,Listen,TRUE,Download this podcast and take it with you wherever you go,,,
meabt,Page_Journey,clinicaljourney,LoseTheWeightTileText,Lose The Weight,Start Program,TRUE,Losing weight is one of the best things you can do to live longer,,,
meabt,Page_Journey,clinicaljourney,LoseWeight.ConnectWithCoach,Connect With A Coach,Go,TRUE,Team up with your Health Coach,,,
meabt,Page_Journey,clinicaljourney,LoseWeight.CompleteYourGoal,Complete Your Goal,Complete Goal,TRUE,the best way to lose weight is to start by setting a goal,25,PTS,
meabt,Page_Journey,clinicaljourney,LoseWeight.TrackYourWeight,Track your Weight,Go to Tracker,TRUE,Fuel your desire by tracking your weight loss,1,PT,
meabt,Page_Journey,clinicaljourney,LoseWeight.TakeChallenge,Complete a Challenge,Take Challenge,TRUE,Real change begins when you challenge yourself,,,
meabt,Page_Journey,clinicaljourney,LoseWeight.CompleteOnlineCourse,Complete An Online Course,Complete Course,TRUE,Take an online Weight Management Course,15,PTS,
meabt,Page_Journey,clinicaljourney,LoseWeight.IncreaseYourKnowledge,Increase Your Knowledge,Read,TRUE,a ton of information available on how to lose weight,,,
meabt,Page_Journey,clinicaljourney,LoseWeight.WatchVideo,Watch A Video,Watch,TRUE,Tune in for some healthy advice and support,,,
meabt,Page_Journey,clinicaljourney,LoseWeight.ListenAPodcast,Listen to a Podcast,Listen,TRUE,Download this podcast and take it with you wherever you go,,,
meabt,Page_Journey,clinicaljourney,BiometricHealthScreeningTileText,Biometric Health Screening,Learn More,TRUE,A biometric screening measures the key factors that affect the development of heart disease,20,PTS,
meabt,Page_Journey,clinicaljourney,ContactYourHealthCoachTileText,Connect with a Coach,Contact,TRUE, So find the expertise and encouragement you need to succeed by teaming up with a Health Coach,,,
meabt,Page_Journey,clinicaljourney,DownloadAlwaysonAppTileText,Download The App,Download App,TRUE,Now you can add your health and wellness to the list,,,
meabt,Page_Journey,clinicaljourney,JoinChallengeTileText,Join A Challenge,Join,TRUE,Real change begins when you challenge yourself,,,
meabt,Page_Journey,clinicaljourney,ConnectYourFitnessDevice,Connect Your Fitness Device,Connect,TRUE,connect your personal fitness tracker or app,,,
meabt,Page_Journey,clinicaljourney,TrackNutritionApp,Connect Your Nutrition App,Connect App,TRUE,By tracking your food and nutrition intake,,,
meabt,Page_Journey,clinicaljourney,SelfDirectedCoursePreventiveHealth,Preventive Health,Take The Course,TRUE,By taking this online preventive health course,1,PTS,
meabt,Page_Journey,clinicaljourney,SelfDirectedProgressCheckIn,Progress Check-In,Check-In,TRUE,So it just makes sense to check in now and then to see where you stand,5,PTS,

group 44,Page_Journey,clinicaljourney,WelcomeVideoTileText,Welcome Video,Watch,TRUE,This short Welcome Video provides a quick and helpful introduction to your wellness program,,,
group 44,Page_Journey,clinicaljourney,BiometricHealthScreeningTileText,Biometric Screening,Learn More,FALSE,A biometric screening measures the key factors that affect,0,PT,
group 44,Page_Journey,clinicaljourney,TrackerHomeTile,Trackers Home Page,Go to Trackers,FALSE,Take the fast track to meeting your wellness goals,,,
group 44,Page_Journey,clinicaljourney,LowerYourStressTileText,Lower Your Stress,Start,TRUE,Stress is a major health problem,,,
group 44,Page_Journey,clinicaljourney,LowerYourStress.CompleteAChallenge,Complete a Stress Management Challenge,Take Challenge,TRUE,competing against yourself is a great way to boost,,,
group 44,Page_Journey,clinicaljourney,LowerYourStress.TakeOnlineCourse,Complete a Stress Course,Take the Course,TRUE,tress occurs when you feel overwhelmed and lack the skills,25,PTS,
group 44,Page_Journey,clinicaljourney,LowerYourStress.IncreaseYourKnowledge,Learn More about Stress,Read,TRUE,ton of information available on how to lower your stress,,,
group 44,Page_Journey,clinicaljourney,LowerYourStress.WatchAVideo,Watch a Video about Stress & Your Body,Watch a Video,TRUE,Need a little extra support on your way to a healthier you,,,
group 44,Page_Journey,clinicaljourney,LowerYourStress.ListenAPodcast,Listen to a Podcast about Stress,Listen,TRUE,Find out how the latest scientific research can help you lower your stress level,,,
group 44,Page_Journey,clinicaljourney,QuitTobaccoTileText,Quit Tobacco,Start Program,TRUE,Quitting tobacco is the single most important action you can take to improve your health,,,
group 44,Page_Journey,clinicaljourney,QuitTobacco.CompleteChallenge,Complete the Quit Kit Challenge,Join Challenge,TRUE,personal challenges to get your competitive juices flowing,,,
group 44,Page_Journey,clinicaljourney,QuitTobacco.CompleteOnlineCourse,Complete a Tobacco Course,Complete Course,TRUE,Almost anyone can stop tobacco for a day,25,PTS,
group 44,Page_Journey,clinicaljourney,QuitTobacco.IncreaseYourKnowledge,Learn More about Tobacco,Go,TRUE,the power to quit tobacco forever,,,
group 44,Page_Journey,clinicaljourney,QuitTobacco.WatchVideo,Watch a Video about Tobacco Slips,Watch,TRUE,Need a little extra support on your way to a healthier you,,,
group 44,Page_Journey,clinicaljourney,QuitTobacco.ListenPodcast,Listen to a Podcast about Tobacco,Listen,TRUE,Find out how the latest scientific research can help you quit your tobacco addiction,,,
group 44,Page_Journey,clinicaljourney,LowerYourBloodPressureTileText,Lower Your Blood Pressure,Start Program,TRUE,greater risk for heart disease and stroke because they have,,,
group 44,Page_Journey,clinicaljourney,LowerBloodPressure.CompleteChallenge,Complete a Challenge to Lower Blood Pressure,Join Challenge,TRUE,competing against yourself is a great way to boost your motivation,,,
group 44,Page_Journey,clinicaljourney,LowerBloodPressure.CompleteOnlineCourse,Complete a Course about Blood Pressure,Complete Course,TRUE,Almost anyone can lower his or her blood pressure for a few days,25,PTS,
group 44,Page_Journey,clinicaljourney,LowerBloodPressure.IncreaseKnowledge,Learn More about Hypertension,Read,TRUE,Now you can access that wealth of knowledge in one convenient location,,,
group 44,Page_Journey,clinicaljourney,LowerBloodPressure.WatchVideo,Watch a Video about the Dash Diet,Watch,TRUE,Need a little extra support on your way to a healthier you,,,
group 44,Page_Journey,clinicaljourney,LowerBloodPressure.ListenPodcast,Listen to a Blood Pressure Podcast,Listen,TRUE,Find out how the latest scientific research can help you lower your blood pressure,,,
group 44,Page_Journey,clinicaljourney,LowerYourCholesterolTileText,Lower Your Cholesterol,Start Program,TRUE,About one in every six adult Americans has high cholesterol,,,
group 44,Page_Journey,clinicaljourney,LowerYourCholesterol.CompleteChallenge,Complete a Challenge to Lower Cholesterol,Join Challenge,TRUE,competing against yourself is a great way to boost your motivation,,,
group 44,Page_Journey,clinicaljourney,LowerYourCholesterol.IncreaseYourKnowledge,Learn More about Hyperlipidemia,Read,TRUE,Now you can access that wealth of knowledge in one convenient location,,,
group 44,Page_Journey,clinicaljourney,LowerYourCholesterol.WatchVideo,Watch a Video about Cholesterol,Watch,TRUE,Need a little extra support on your way to a healthier you,,,
group 44,Page_Journey,clinicaljourney,LowerYourCholesterol.ListenPodcast,Listen to a Podcast about Healthy Cholesterol,Listen,TRUE,Listen and learn at your convenience,,,
group 44,Page_Journey,clinicaljourney,EatHealtyTileText,Eat Healthy,Start Program,TRUE,Because you are what you eat,,,
group 44,Page_Journey,clinicaljourney,EatHealty.CompleteAChallenge,Complete a Healthy Eating Challenge,Join Challenge,TRUE,Real change begins when you challenge yourself,,,
group 44,Page_Journey,clinicaljourney,EatHealty.TakeOnlineCourse,Complete a Nutrition Course,Complete Course,TRUE,Almost anyone can eat healthier for a few days,25,PTS,
group 44,Page_Journey,clinicaljourney,EatHealthy.IncreaseYourKnowledge,Learn More about Nutrition,Read,TRUE,Many of these information sources feature strange and untested diets that can actually be bad for you,,,
group 44,Page_Journey,clinicaljourney,EatHealthy.WatchVideo,Watch a Video about Eating Healthy,Watch,TRUE,Need a little extra support on your way to a healthier you,,,
group 44,Page_Journey,clinicaljourney,EatHealthy.ListenPodcast,Listen to a Podcast about Nutrition,Listen,TRUE,find out how the latest scientific research can help make eating healthy a part of your lifestyle,,,
group 44,Page_Journey,clinicaljourney,ExerciseProgramTileText,Exercise Program,Start Program,TRUE,Are you ready to lower your risk for heart disease and stroke,,,
group 44,Page_Journey,clinicaljourney,ExerciseProgram.CompleteChallenge,Complete an Exercise Challenge,Join Challenge,TRUE,Real change begins when you challenge yourself,,,
group 44,Page_Journey,clinicaljourney,ExerciseProgram.TakeOnlineCourse,Complete a Course about Exercise,Complete Course,TRUE,Almost anyone can become more physically active for a week,25,PTS,
group 44,Page_Journey,clinicaljourney,ExerciseProgram.IncreaseYourKnowledge,Learn More about Physical Fitness,Read,TRUE,a ton of information available about exercise,,,
group 44,Page_Journey,clinicaljourney,ExerciseProgram.WatchVideo,Watch a Video about Exercise,Watch,TRUE,Need a little extra support on your way to a healthier you,,,
group 44,Page_Journey,clinicaljourney,ExerciseProgram.ListenPodcast,Listen to a Podcast about Cardio Strength,Listen,TRUE,find out how the latest scientific research can help you exercise smarter and more efficiently,,,
group 44,Page_Journey,clinicaljourney,LoseTheWeightTileText,Lose The Weight,Start Program,TRUE,Losing weight is one of the best things you can do to live longer,,,
group 44,Page_Journey,clinicaljourney,LoseWeight.TakeChallenge,Complete a Weight Management Challenge,Join Challenge,TRUE,competing against yourself is a great way to boost your motivation,,,
group 44,Page_Journey,clinicaljourney,LoseWeight.CompleteOnlineCourse,Complete a Weight Management Course,Complete Course,TRUE,Almost anyone can lose few pounds,25,PTS,
group 44,Page_Journey,clinicaljourney,LoseWeight.IncreaseYourKnowledge,Learn More about Weight Loss,Read,TRUE,Many of these information sources with their fad diets are not reliable and can actually be bad for you,,,
group 44,Page_Journey,clinicaljourney,LoseWeight.WatchVideo,Watch a Video about Healthy Weight,Watch,TRUE,Need a little extra support on your way to a healthier you,,,
group 44,Page_Journey,clinicaljourney,LoseWeight.ListenAPodcast,Listen to a Weight Management Podcast,Listen,TRUE,find out how the latest scientific research can help you lose weight,,,
group 44,Page_Journey,clinicaljourney,DownloadAlwaysonAppTile,Download the AlwaysOn App,Download App,TRUE,Download the AlwaysOn App,,,
group 44,Page_Journey,clinicaljourney,ConnectYourFitnessDevice,Connect Your Fitness Device,Connect,TRUE,And using a wearable fitness device is a great way to,,,
group 44,Page_Journey,clinicaljourney,TrackNutritionApp,Connect Your Nutrition App,Connect,TRUE,Discover how to eat your way to better health,,,
group 44,Page_Journey,clinicaljourney,MyCompanyTile,My Company,My Company,TRUE,BlueCross BlueShield of Tennessee Wellness Program,,,
group 44,Page_Journey,clinicaljourney,SelfDirectedCoursePreventiveHealth,Take the Preventive Health Course,Take The Course,TRUE,More than two-thirds of all deaths in the United States are caused by just five chronic diseases,25,PTS,
group 44,Page_Journey,clinicaljourney,SelfDirectedProgressCheckIn,Progress Check-In,Check-In,TRUE,So it just makes sense to check in now and then to see where you stand,,,
group 44,Page_Journey,clinicaljourney,InviteAConnectionTile,Invite A Connection,Invite Now,TRUE,Inviting co-workers to become part of your health journey,,,
group 44,Page_Journey,clinicaljourney,PodcastTile,Listen to a Podcast,Listen,TRUE,Download this podcast and take it with you wherever you go,,,

onlife health,Page_Journey,clinicaljourney,WelcomeVideoTileText,Welcome Video,Watch,TRUE,This short Welcome Video provides a quick and helpful introduction,,,
onlife health,Page_Journey,clinicaljourney,LowerYourStressTileText,Lower Your Stress,Start,TRUE,Stress is a major health problem,,,
onlife health,Page_Journey,clinicaljourney,LowerYourStress.CompleteAGoal,Complete A Goal,Complete A Goal,TRUE,realistic goals is a great way to keep you focused and motivated,25,PTS,
onlife health,Page_Journey,clinicaljourney,LowerYourStress.TrackStress,Track your Stress,Go to Tracker,TRUE,Use a tracker to create a faster track to stress reduction,5,PTS,
onlife health,Page_Journey,clinicaljourney,LowerYourStress.CompleteAChallenge,Complete A Challenge,Take Challenge,TRUE,Real change begins when you challenge yourself,0,PT,
onlife health,Page_Journey,clinicaljourney,LowerYourStress.TakeOnlineCourse,Take An Online Course,Take The Course,TRUE,understand the triggers that cause it and find ways to overcome,25,PTS,
onlife health,Page_Journey,clinicaljourney,LowerYourStress.IncreaseYourKnowledge,Increase Your Knowledge,Read,TRUE,Now you can access that wealth of knowledge in one convenient location,,,
onlife health,Page_Journey,clinicaljourney,LowerYourStress.WatchAVideo,Watch A Video,Watch a Video,TRUE,Tune in for some healthy advice and support,,,
onlife health,Page_Journey,clinicaljourney,LowerYourStress.ListenAPodcast,Listen to a Podcast,Listen,TRUE,Find out how the latest scientific research can help you lower your stress level,,,
onlife health,Page_Journey,clinicaljourney,QuitTobaccoTileText,Quit Tobacco,Start Program,TRUE,Quitting tobacco is the single most important action you can take to improve your health,,,
onlife health,Page_Journey,clinicaljourney,QuitTobacco.CompleteAGoal,Complete A Goal,Go,TRUE,Just wishing you could quit tobacco,25,PTS,
onlife health,Page_Journey,clinicaljourney,QuitTobacco.TrackTobacco,Quit Tobacco Tracker,Go to Tracker,TRUE,Use a tracker to create a faster track to quitting,5,PTS,
onlife health,Page_Journey,clinicaljourney,QuitTobacco.CompleteChallenge,Complete A Challenge,Take Challenge,TRUE,Real change begins when you challenge yourself.,0,PT,
onlife health,Page_Journey,clinicaljourney,QuitTobacco.CompleteOnlineCourse,Complete An Online Course,Complete Course,TRUE,Almost anyone can stop tobacco for a day,25,PTS,
onlife health,Page_Journey,clinicaljourney,QuitTobacco.IncreaseYourKnowledge,Increase Your Knowledge,Go,TRUE,a ton of information available on how to quit tobacco,,,
onlife health,Page_Journey,clinicaljourney,QuitTobacco.WatchVideo,Watch A Video,Watch,TRUE,Need a little extra support on your way to a healthier you,,,
onlife health,Page_Journey,clinicaljourney,QuitTobacco.ListenPodcast,Listen to Podcast,Listen,TRUE,Find out how the latest scientific research can help you quit your tobacco addiction,,,
onlife health,Page_Journey,clinicaljourney,LoseTheWeightTileText,Lose The Weight,Start Program,TRUE,Losing weight is one of the best things you can do to live longer,,,
onlife health,Page_Journey,clinicaljourney,LoseWeight.CompleteAGoal,Complete Your Goal,Complete Goal,TRUE,the best way to lose weight is to start by setting a goal,25,PTS,
onlife health,Page_Journey,clinicaljourney,LoseWeight.TrackWeight,Track your Weight,Go to Tracker,TRUE,Fuel your desire by tracking your weight loss,5,PTS,
onlife health,Page_Journey,clinicaljourney,LoseWeight.TakeChallenge,Take a Challenge,Take Challenge,TRUE,competing against yourself is a great way to boost your motivation,0,PT,
onlife health,Page_Journey,clinicaljourney,LoseWeight.CompleteOnlineCourse,Complete An Online Course,Complete Course,TRUE,Almost anyone can lose few pounds,25,PTS,
onlife health,Page_Journey,clinicaljourney,LoseWeight.IncreaseYourKnowledge,Increase Your Knowledge,Read,TRUE,Many of these information sources with their fad diets are not reliable and can actually be bad for you,,,
onlife health,Page_Journey,clinicaljourney,LoseWeight.WatchVideo,Watch A Video,Watch,TRUE,Need a little extra support on your way to a healthier you,,,
onlife health,Page_Journey,clinicaljourney,LoseWeight.ListenAPodcast,Listen to a Podcast,Listen,TRUE,find out how the latest scientific research can help you lose weight,,,
onlife health,Page_Journey,clinicaljourney,LoseWeight.ConnectSmartScale,Connect Your Smart Scale,Connect,TRUE,Your smart scale can give you helpful information about,,,
onlife health,Page_Journey,clinicaljourney,LowerYourBloodPressureTileText,Lower Your Blood Pressure,Start Program,TRUE,greater risk for heart disease and stroke because they have,,,
onlife health,Page_Journey,clinicaljourney,LowerBloodPressure.CompleteAGoal,Complete A Goal,Go,TRUE,A healthier you starts with setting a goal,25,PTS,
onlife health,Page_Journey,clinicaljourney,LowerBloodPressure.TrackBP,Track your Blood Pressue,Go to Tracker,TRUE,Take heart and take charge of your blood pressure,5,PTS,
onlife health,Page_Journey,clinicaljourney,LowerBloodPressure.CompleteChallenge,Complete a Challenge,Take Challenge,TRUE,competing against yourself is a great way to boost your motivation,0,PT,
onlife health,Page_Journey,clinicaljourney,LowerBloodPressure.CompleteOnlineCourse,Complete an Online Course,Complete Course,TRUE,Almost anyone can lower his or her blood pressure for a few days,25,PTS,
onlife health,Page_Journey,clinicaljourney,LowerBloodPressure.IncreaseKnowledge,Increase Your Knowledge,Read,TRUE,Now you can access that wealth of knowledge in one convenient location,,,
onlife health,Page_Journey,clinicaljourney,LowerBloodPressure.WatchVideo,Watch A Video,Watch,TRUE,Need a little extra support on your way to a healthier you,,,
onlife health,Page_Journey,clinicaljourney,LowerBloodPressure.ListenPodcast,Listen to a Podcast,Go,TRUE,Find out how the latest scientific research can help you lower your blood pressure,,,
onlife health,Page_Journey,clinicaljourney,LowerYourCholesterolTileText,Lower Your Cholesterol,Start Program,TRUE,About one in every six adult Americans has high cholesterol,,,
onlife health,Page_Journey,clinicaljourney,LowerYourCholesterol.CompleteAGoal,Complete A Goal,Complete Goal,TRUE,Set your sights on a healthier you by Completing a goal,25,PTS,
onlife health,Page_Journey,clinicaljourney,LowerYourCholesterol.TrackChol,Track your Cholesterol,Take me there,TRUE,Fuel your desire by tracking your cholesterol,5,PTS,
onlife health,Page_Journey,clinicaljourney,LowerYourCholesterol.CompleteChallenge,Complete A Challenge,Go,TRUE,competing against yourself is a great way to boost your motivation,0,PT,
onlife health,Page_Journey,clinicaljourney,LowerYourCholesterol.IncreaseYourKnowledge,Increase Your Knowledge,Read,TRUE,Now you can access that wealth of knowledge in one convenient location,,,
onlife health,Page_Journey,clinicaljourney,LowerYourCholesterol.WatchVideo,Watch A Video,Watch,TRUE,Need a little extra support on your way to a healthier you,,,
onlife health,Page_Journey,clinicaljourney,LowerYourCholesterol.ListenPodcast,Listen to a Podcast,Go,TRUE,Listen and learn at your convenience,,,
onlife health,Page_Journey,clinicaljourney,EatHealtyTileText,Eat Healthy,Start Program,TRUE,Because you are what you eat,,,
onlife health,Page_Journey,clinicaljourney,EatHealthy.IncreaseYourKnowledge,Increase Your Knowledge,Read,TRUE,the power to make healthy eating a part of your life,25,PTS,
onlife health,Page_Journey,clinicaljourney,EatHealty.TrackDiet,Track your Diet,Take me there,TRUE,Fuel your desire for a healthier diet by tracking what you eat,5,PTS,
onlife health,Page_Journey,clinicaljourney,EatHealty.TakeOnlineCourse,Take An Online Course,Complete Course,TRUE,Almost anyone can eat healthier for a few days,25,PTS,
onlife health,Page_Journey,clinicaljourney,EatHealthy.IncreaseYourKnowledge,Increase Your Knowledge,Read,TRUE,Knowledge is power,,,
onlife health,Page_Journey,clinicaljourney,EatHealthy.WatchVideo,Watch A Video,Watch,TRUE,Tune in for some healthy advice and support,,,
onlife health,Page_Journey,clinicaljourney,EatHealthy.ListenPodcast,Listen to a Podcast,Listen,TRUE,Learn on the go,,,
onlife health,Page_Journey,clinicaljourney,ExerciseProgramTileText,Exercise Program,Start Program,TRUE,Are you ready to lower your risk for heart disease and stroke,,,
onlife health,Page_Journey,clinicaljourney,ExerciseProgram.ConnectWithCoach,Connect With A Coach,Connect,TRUE,Team up with a Health Coach,,,
onlife health,Page_Journey,clinicaljourney,ExerciseProgram.CompleteAGoal,Complete a Goal,Complete Goal,TRUE,A healthier you starts with setting a goal,25,PTS,
onlife health,Page_Journey,clinicaljourney,ExerciseProgram.TrackExercise,Track your Exercises,Take me there,TRUE,Take the fast track to meeting you exercise goals,5,PTS,
onlife health,Page_Journey,clinicaljourney,ExerciseProgram.CompleteChallenge,Complete a Challenge,Take Challenge,TRUE,Real change begins when you challenge yourself,0,PT,
onlife health,Page_Journey,clinicaljourney,ExerciseProgram.TakeOnlineCourse,Take An Online Course,Complete Course,TRUE,Almost anyone can become more physically active for a week,25,PTS,
onlife health,Page_Journey,clinicaljourney,ExerciseProgram.IncreaseYourKnowledge,Increase Your Knowledge,Read,TRUE,a ton of information available about exercise,,,
onlife health,Page_Journey,clinicaljourney,ExerciseProgram.WatchVideo,Watch A Video,Watch,TRUE,Need a little extra support on your way to a healthier you,,,
onlife health,Page_Journey,clinicaljourney,ExerciseProgram.ListenPodcast,Listen to a Podcast,Listen,TRUE,find out how the latest scientific research can help you exercise smarter and more efficiently,,,
onlife health,Page_Journey,clinicaljourney,BiometricScreening,Biometric Screening,Learn More,TRUE,A biometric screening measures the key factors,0,PT,
onlife health,Page_Journey,clinicaljourney,ContactCoach,Contact a Coach,Contact Now,TRUE,builds trust between the member and their Health Coach,,,
onlife health,Page_Journey,clinicaljourney,DownloadApp,Download AlwaysOn App,Download,TRUE,Download AlwaysOn App,,,
onlife health,Page_Journey,clinicaljourney,ConnectYourADevice,Connect Your Fitness Device,Connect,TRUE,And using a wearable fitness device is a great way to ,,,
onlife health,Page_Journey,clinicaljourney,Connect AppYourAApp,Connect Your Nutrition App,Connect App,TRUE,Discover how to eat your way to better health,,,
onlife health,Page_Journey,clinicaljourney,Take the CourseTheACourse,Take the Preventive Health Course,Take the Course,TRUE,true what they say about an ounce of prevention,25,PTS,
onlife health,Page_Journey,clinicaljourney,InviteConnection,Invite a Connection,Invite Now,TRUE,Inviting co-workers to become part of your health journey,,,
onlife health,Page_Journey,clinicaljourney,ListenToAPodcast,Listen to a Podcast,Listen,TRUE,Download this podcast and take it with you wherever you go,,,

tva,Page_Journey,clinicaljourney,WelcomeVideoTileText,Welcome Video,Watch,TRUE,WelcomeVideoTileText,,,
tva,Page_Journey,clinicaljourney,,Biometric Screening,View Results,FALSE,BiometricHealthScreeningTileText,,,
tva,Page_Journey,clinicaljourney,,Lower Your Stress,Start Program,TRUE,TrackerHomeTile,,,
tva,Page_Journey,clinicaljourney,,Connect with Your Coach about Stress,Connect Now,TRUE,LowerYourStressTileText,,,
tva,Page_Journey,clinicaljourney,,Complete a Stress Course,Take the Course,TRUE,LowerYourStress.CompleteAChallenge,,,
tva,Page_Journey,clinicaljourney,,Learn More about Stress,Read,TRUE,LowerYourStress.TakeOnlineCourse,,,
tva,Page_Journey,clinicaljourney,,Watch a Video about Stress & Your Body,Watch a Video,TRUE,LowerYourStress.IncreaseYourKnowledge,,,
tva,Page_Journey,clinicaljourney,,Listen to a Podcast about Stress,Listen,TRUE,LowerYourStress.WatchAVideo,,,
tva,Page_Journey,clinicaljourney,,Case Management and Stress,Learn More,TRUE,LowerYourStress.ListenAPodcast,,,
tva,Page_Journey,clinicaljourney,,Quit Tobacco,Start Program,TRUE,QuitTobaccoTileText,,,
tva,Page_Journey,clinicaljourney,,Connect with Your Coach about Quitting,Connect Now,TRUE,QuitTobacco.CompleteChallenge,,,
tva,Page_Journey,clinicaljourney,,Complete a Tobacco Course,Complete Course,TRUE,QuitTobacco.CompleteOnlineCourse,,,
tva,Page_Journey,clinicaljourney,,Learn More about Tobacco,Go,TRUE,QuitTobacco.IncreaseYourKnowledge,,,
tva,Page_Journey,clinicaljourney,,Watch a Video about Tobacco Slips,Watch,TRUE,QuitTobacco.WatchVideo,,,
tva,Page_Journey,clinicaljourney,,Listen to a Podcast about Tobacco,Listen,TRUE,QuitTobacco.ListenPodcast,,,
tva,Page_Journey,clinicaljourney,,Lose The Weight,Start Program,TRUE,LowerYourBloodPressureTileText,,,
tva,Page_Journey,clinicaljourney,,Connect with Your Coach about Weight Loss,Connect Now,TRUE,LowerBloodPressure.CompleteChallenge,,,
tva,Page_Journey,clinicaljourney,,Complete a Weight Management Course,Complete Course,TRUE,LowerBloodPressure.CompleteOnlineCourse,,,
tva,Page_Journey,clinicaljourney,,Learn More about Weight Loss,Read,TRUE,LowerBloodPressure.IncreaseKnowledge,,,
tva,Page_Journey,clinicaljourney,,Watch a Video about Healthy Weight,Watch,TRUE,LowerBloodPressure.WatchVideo,,,
tva,Page_Journey,clinicaljourney,,Listen to a Weight Management Podcast,Listen,TRUE,LowerBloodPressure.ListenPodcast,,,
tva,Page_Journey,clinicaljourney,,Lower Your Blood Pressure,Start Program,TRUE,LowerYourCholesterolTileText,,,
tva,Page_Journey,clinicaljourney,,Connect with Your Coach about Hypertension,Connect Now,TRUE,LowerYourCholesterol.CompleteChallenge,,,
tva,Page_Journey,clinicaljourney,,Complete a Course about Blood Pressure,Complete Course,TRUE,LowerYourCholesterol.IncreaseYourKnowledge,,,
tva,Page_Journey,clinicaljourney,,Learn More about Hypertension,Read,TRUE,LowerYourCholesterol.WatchVideo,,,
tva,Page_Journey,clinicaljourney,,Watch a Video about the Dash Diet,Watch,TRUE,LowerYourCholesterol.ListenPodcast,,,
tva,Page_Journey,clinicaljourney,,Listen to a Blood Pressure Podcast,Listen,TRUE,EatHealtyTileText,,,
tva,Page_Journey,clinicaljourney,,Lower Your Cholesterol,Start Program,TRUE,EatHealty.CompleteAChallenge,,,
tva,Page_Journey,clinicaljourney,,Connect with Your Coach about Cholesterol,Connect Now,TRUE,EatHealty.TakeOnlineCourse,,,
tva,Page_Journey,clinicaljourney,,Learn More about Hyperlipidemia,Read,TRUE,EatHealthy.IncreaseYourKnowledge,,,
tva,Page_Journey,clinicaljourney,,Watch a Video about Cholesterol,Watch,TRUE,EatHealthy.WatchVideo,,,
tva,Page_Journey,clinicaljourney,,Listen to a Podcast about Healthy Cholesterol,Listen,TRUE,EatHealthy.ListenPodcast,,,
tva,Page_Journey,clinicaljourney,,Eat Healthy,Start Program,TRUE,ExerciseProgramTileText,,,
tva,Page_Journey,clinicaljourney,,Connect with Your Coach about Nutrition,Connect Now,TRUE,ExerciseProgram.CompleteChallenge,,,
tva,Page_Journey,clinicaljourney,,Complete a Nutrition Course,Complete Course,TRUE,ExerciseProgram.TakeOnlineCourse,,,
tva,Page_Journey,clinicaljourney,,Learn More about Nutrition,Read,TRUE,ExerciseProgram.IncreaseYourKnowledge,,,
tva,Page_Journey,clinicaljourney,,Watch a Video about Eating Healthy,Watch,TRUE,ExerciseProgram.WatchVideo,,,
tva,Page_Journey,clinicaljourney,,Listen to a Podcast about Nutrition,Listen,TRUE,ExerciseProgram.ListenPodcast,,,
tva,Page_Journey,clinicaljourney,,Exercise Program,Start Program,TRUE,LoseTheWeightTileText,,,
tva,Page_Journey,clinicaljourney,,Connect with Your Coach about Getting Active,Connect Now,TRUE,LoseWeight.TakeChallenge,,,
tva,Page_Journey,clinicaljourney,,Complete a Course about Exercise,Complete Course,TRUE,LoseWeight.CompleteOnlineCourse,,,
tva,Page_Journey,clinicaljourney,,Learn More about Physical Fitness,Read,TRUE,LoseWeight.IncreaseYourKnowledge,,,
tva,Page_Journey,clinicaljourney,,Watch a Video about Exercise,Watch,TRUE,LoseWeight.WatchVideo,,,
tva,Page_Journey,clinicaljourney,,Listen to a Podcast about Cardio Strength,Listen,TRUE,LoseWeight.ListenAPodcast,,,
tva,Page_Journey,clinicaljourney,,Case Management and Your Physical Activity,Learn More,TRUE,DownloadAlwaysonAppTile,,,
tva,Page_Journey,clinicaljourney,,Contact Your Health Coach,Contact,TRUE,ConnectYourFitnessDevice,,,
tva,Page_Journey,clinicaljourney,,Download the AlwaysOn App,Download App,TRUE,TrackNutritionApp,,,
tva,Page_Journey,clinicaljourney,,Connect Your Fitness Device,Connect,TRUE,MyCompanyTile,,,
tva,Page_Journey,clinicaljourney,,Connect Your Nutrition App,Connect,TRUE,SelfDirectedCoursePreventiveHealth,,,
tva,Page_Journey,clinicaljourney,,Take the Preventive Health Course,Take The Course,TRUE,SelfDirectedProgressCheckIn,,,
tva,Page_Journey,clinicaljourney,,Progress Check-In,Check-In,TRUE,InviteAConnectionTile,,,
tva,Page_Journey,clinicaljourney,,Listen to a Podcast,Listen,TRUE,PodcastTile,,,
tva,Page_Journey,clinicaljourney,,Manage Your Care,Learn More,TRUE,,,,
tva,Page_Journey,clinicaljourney,,Blue365 Deals,Learn More,TRUE,,,,
tva,Page_Journey,clinicaljourney,,Fitness Your Way,Learn More,TRUE,,,,
